{"status": "ok", "kepid": 8077137, "label": 1, "n_points": 195, "flux": [7.712776673507449e-05, 3.2782296701450164e-05, 4.124610933553541e-05, 7.986968129092276e-06, 3.933881700612929e-06, 1.0371147610488407e-05, -1.1861260681533814e-05, -5.006765690152015e-06, 6.198854976213752e-06, -5.4359215710952924e-05, -0.00012195063800568562, -9.059873605221647e-06, -6.830671119995024e-05, 1.5854792039471377e-05, -6.371722094689058e-05, -4.827967018172785e-06, -1.609323106777083e-06, -2.920624460500676e-05, 1.6689290589511074e-05, -7.152555667744309e-06, 3.5882000432252426e-05, -4.130604098762092e-05, 3.236535104989002e-05, -2.4020701911098286e-05, 4.768379255892796e-07, 1.5497238123884927e-06, 1.4126333649500111e-05, -8.606933791166504e-05, 2.938517920036965e-05, -2.0861695304574823e-06, 0.0, -3.159058788837488e-05, -2.115973970306939e-05, -3.2007841146208804e-05, 2.3961184312026873e-05, -3.85644051493772e-05, 7.200280572527973e-05, 6.914178357186884e-06, 2.9266056768451065e-05, -1.6450984916316358e-05, -9.536805692267336e-06, 4.923377112442395e-05, -1.096733177574638e-05, 3.5405416456413263e-05, 2.527255918627347e-05, 3.790884781773585e-05, 1.5914566316554968e-05, -2.6405073255020284e-05, -6.985722661090321e-05, 6.675777513454051e-06, -0.00011572342143995051, -1.03116938959813e-05, 1.1026958529392061e-05, -8.016889231210467e-05, 2.7477965621969247e-05, 2.1040593862098333e-05, -1.3232325785095256e-05, 1.657020186551783e-05, 4.971062337477683e-05, 1.3709167988151805e-05, -3.6895572000927856e-05, -1.9133251773606474e-05, 4.720735137664356e-05, -9.137480819787491e-05, 5.483687133489568e-06, 4.744579496751555e-05, 2.825294516095589e-05, -2.27096403794258e-05, -5.674429150637206e-05, 6.795013747451506e-06, 3.814743650520924e-06, 4.5896123601618655e-06, 8.583165027831186e-06, 7.748684184072374e-06, 6.020127611305881e-06, 5.662496942893114e-06, 4.61940264746552e-05, -3.373651046223447e-05, -1.5616537937468422e-05, -5.960516347158773e-08, -1.9073636395861016e-06, 3.856453387318659e-05, -3.74916366530087e-05, -5.2154518041636067e-05, 3.337889154653162e-05, 4.529989724000316e-06, 7.951307954390252e-05, -7.0333912634446e-05, 2.026566136259511e-05, 4.297506927430916e-05, -1.4662761842032523e-05, -3.5762778338721546e-07, 1.0490403724361386e-05, -1.8477380408166155e-05, -1.4245457457429112e-05, -4.810070750360662e-05, -5.859101658456378e-05, -1.5258681742902347e-05, 6.556458558715228e-05, -1.722559038475069e-05, -6.961757777079747e-05, -2.264955441177996e-05, -8.493580879398444e-05, -1.5556663926497016e-05, 2.586820613892371e-05, -2.521255134446676e-05, -1.5437441051591172e-05, -3.552399138984086e-05, 2.944436808505202e-05, -2.384158790391666e-07, 4.9709687082843956e-05, 4.1484343177078387e-05, 6.616029602612983e-05, -1.3649281416006076e-05, 2.4795218909634542e-05, 2.7417799945972376e-06, 6.937895464509403e-05, -5.960388450576559e-07, 1.0847910859368426e-05, 4.076914934092457e-05, 3.0874922589241294e-05, 1.3708940828083271e-05, 2.4676081724406274e-05, -5.7935189834323886e-05, 2.7417878387892003e-05, 2.1576670493184125e-05, 2.145744957937623e-06, -1.9907730648638378e-05, 1.6569929273790862e-05, 2.002695771552432e-05, 1.4543389427412734e-05, 8.666428568360196e-05, 4.792163739408828e-05, 4.1484427246718525e-05, 3.981555147758442e-05, -1.8000435348275445e-05, -6.198825417946807e-05, 1.215921852937285e-05, -2.2768738164868907e-05, -2.8550311728881006e-05, -2.7656228784755932e-05, -7.975006401461648e-05, -4.434535879327406e-05, -5.286874639320871e-05, -1.555664538166468e-05, -1.9073281694037547e-05, -1.174198904285717e-05, 2.2649522011253254e-06, -1.758318156164229e-05, -5.04249824674341e-05, -8.028659513070746e-05, 1.215921707986567e-05, -8.106144719910446e-06, 2.1695857926884443e-05, 3.445111505984144e-05, 8.34456074105816e-06, -9.608166798724671e-05, -2.0146156190836706e-05, -1.0788327530319997e-05, 4.5179846784204614e-05, -1.549704691905518e-06, -2.3364778431012034e-05, -9.310150066266232e-05, 2.336478400155606e-05, -4.970977004403743e-05, -0.00015580497199052523, 2.0980624869659792e-05, 3.719293033910276e-05, -5.245157468025674e-06, -9.536651078834169e-07, 6.651814920277666e-05, 9.96580275316461e-05, 8.344572677287942e-07, -2.580857736445008e-05, 5.9365695425528386e-05, -9.119430203652357e-06, -6.318037364838602e-06, -3.206702747837742e-05, 7.629330867064965e-06, 6.556457777118219e-05, -3.516645954215747e-05, 2.0980672390091826e-05, -2.6225846739835745e-06, 2.217276397797896e-05, 1.9073349903919734e-06, 1.8358103660354175e-05, -5.9604246873679045e-06, 7.629345418758149e-06, -3.814673618873776e-06, -5.769695224189242e-05, -2.3245678449579366e-05, -1.1622841995850841e-05, -3.147108736900606e-05, 4.7087439228876704e-05, 3.95773001296007e-05],